{
 "quotes": 
 [
 { "date": "2014-07-01", "close": 93.52 }, 
 { "date": "2014-07-02", "close": 93.48 }, 
 { "date": "2014-07-03", "close": 94.03 }, 
 { "date": "2014-07-07", "close": 95.97 }, 
 { "date": "2014-07-08", "close": 95.35 }, 
 { "date": "2014-07-09", "close": 95.39 }, 
 { "date": "2014-07-10", "close": 95.04 }, 
 { "date": "2014-07-11", "close": 95.22 }, 
 { "date": "2014-07-14", "close": 96.45 }, 
 { "date": "2014-07-15", "close": 95.32 }, 
 { "date": "2014-07-16", "close": 94.78 }, 
 { "date": "2014-07-17", "close": 93.09 }, 
 { "date": "2014-07-18", "close": 94.43 }, 
 { "date": "2014-07-21", "close": 93.94 }, 
 { "date": "2014-07-22", "close": 94.72 }, 
 { "date": "2014-07-23", "close": 97.19 }, 
 { "date": "2014-07-24", "close": 97.03 }, 
 { "date": "2014-07-25", "close": 97.67 }, 
 { "date": "2014-07-28", "close": 99.02 }, 
 { "date": "2014-07-29", "close": 98.38 }, 
 { "date": "2014-07-30", "close": 98.15 }, 
 { "date": "2014-07-31", "close": 95.60 }, 
 { "date": "2014-08-01", "close": 96.13 }, 
 { "date": "2014-08-04", "close": 95.59 }, 
 { "date": "2014-08-05", "close": 95.12 }, 
 { "date": "2014-08-06", "close": 94.96 }, 
 { "date": "2014-08-07", "close": 94.48 }, 
 { "date": "2014-08-08", "close": 94.74 }, 
 { "date": "2014-08-11", "close": 95.99 }, 
 { "date": "2014-08-12", "close": 95.97 }, 
 { "date": "2014-08-13", "close": 97.24 }, 
 { "date": "2014-08-14", "close": 97.50 }, 
 { "date": "2014-08-15", "close": 97.98 }, 
 { "date": "2014-08-18", "close": 99.16 }, 
 { "date": "2014-08-19", "close": 100.53 }, 
 { "date": "2014-08-20", "close": 100.57 }, 
 { "date": "2014-08-21", "close": 100.58 }, 
 { "date": "2014-08-22", "close": 101.32 }, 
 { "date": "2014-08-25", "close": 101.54 }, 
 { "date": "2014-08-26", "close": 100.89 }, 
 { "date": "2014-08-27", "close": 102.13 }, 
 { "date": "2014-08-28", "close": 102.25 }, 
 { "date": "2014-08-29", "close": 102.50 }, 
 { "date": "2014-09-02", "close": 103.30 }, 
 { "date": "2014-09-03", "close": 98.94 }, 
 { "date": "2014-09-04", "close": 98.12 }, 
 { "date": "2014-09-05", "close": 98.97 }, 
 { "date": "2014-09-08", "close": 98.36 }, 
 { "date": "2014-09-09", "close": 97.99 }, 
 { "date": "2014-09-10", "close": 101.00 }, 
 { "date": "2014-09-11", "close": 101.43 }, 
 { "date": "2014-09-12", "close": 101.66 }, 
 { "date": "2014-09-15", "close": 101.63 }, 
 { "date": "2014-09-16", "close": 100.86 }, 
 { "date": "2014-09-17", "close": 101.58 }, 
 { "date": "2014-09-18", "close": 101.79 }, 
 { "date": "2014-09-19", "close": 100.96 }, 
 { "date": "2014-09-22", "close": 101.06 }, 
 { "date": "2014-09-23", "close": 102.64 }, 
 { "date": "2014-09-24", "close": 101.75 }, 
 { "date": "2014-09-25", "close": 97.87 }, 
 { "date": "2014-09-26", "close": 100.75 }, 
 { "date": "2014-09-29", "close": 100.11 }, 
 { "date": "2014-09-30", "close": 100.75 }, 
 { "date": "2014-10-01", "close": 99.18 }, 
 { "date": "2014-10-02", "close": 99.90 }, 
 { "date": "2014-10-03", "close": 99.62 }, 
 { "date": "2014-10-06", "close": 99.62 }, 
 { "date": "2014-10-07", "close": 98.75 }, 
 { "date": "2014-10-08", "close": 100.80 }, 
 { "date": "2014-10-09", "close": 101.02 }, 
 { "date": "2014-10-10", "close": 100.73 }, 
 { "date": "2014-10-13", "close": 99.81 }, 
 { "date": "2014-10-14", "close": 98.75 }, 
 { "date": "2014-10-15", "close": 97.54 }, 
 { "date": "2014-10-16", "close": 96.26 }, 
 { "date": "2014-10-17", "close": 97.67 }, 
 { "date": "2014-10-20", "close": 99.76 }, 
 { "date": "2014-10-21", "close": 102.47 }, 
 { "date": "2014-10-22", "close": 102.99 }, 
 { "date": "2014-10-23", "close": 104.83 }, 
 { "date": "2014-10-24", "close": 105.22 }, 
 { "date": "2014-10-27", "close": 105.11 }, 
 { "date": "2014-10-28", "close": 106.74 }, 
 { "date": "2014-10-29", "close": 107.34 }, 
 { "date": "2014-10-30", "close": 106.98 }, 
 { "date": "2014-10-31", "close": 108.00 }]
}